top_k,hit_rate,mrr,hits,misses
1,0.9333333333333333,0.9333333333333333,14,1
3,1.0,0.9666666666666667,15,0
5,1.0,0.9666666666666667,15,0
10,1.0,0.9666666666666667,15,0
